{"Melanoma": 0.5602477145384842, "Melanocytic nevus": 0.19672776224500363, "Basal cell carcinoma": 0.7623595505617978, "Actinic keratosis": 2.9227692307692306, "Benign keratosis": 0.9653455284552845, "Dermatofibroma": 10.613407821229051, "Vascular lesion": 9.998947368421053, "Squamous cell carcinoma": 4.033545647558387}